{"accuracy": [0.5, 0.46000000834465027, 0.5799999833106995, 0.46000000834465027, 0.5799999833106995], "loss": [220.00900268554688, 46.621238708496094, 3.719167470932007, 2.8253023624420166, 0.8828708529472351]}