{"accuracy": [0.47441861033439636, 0.539534866809845, 0.5441860556602478, 0.5720930099487305, 0.5674418807029724, 0.6651162505149841, 0.6511628031730652, 0.6790697574615479, 0.7534883618354797, 0.6465116143226624, 0.6558139324188232, 0.739534854888916, 0.7255814075469971, 0.7953488230705261, 0.7488372325897217, 0.8744186162948608, 0.8604651093482971, 0.6372092962265015, 0.7627906799316406, 0.9209302067756653, 0.7627906799316406, 0.6558139324188232, 0.6372092962265015, 0.869767427444458, 0.8790697455406189, 0.734883725643158, 0.6604651212692261, 0.6837209463119507, 0.8558139801025391, 0.930232584476471, 0.9069767594337463, 0.7441860437393188, 0.7674418687820435, 0.804651141166687, 0.9627906680107117, 0.9767441749572754, 0.9906976819038391, 0.8883720636367798, 0.9162790775299072, 0.9627906680107117, 1.0, 1.0, 1.0, 1.0, 1.0, 1.0, 1.0, 1.0, 1.0, 1.0], "loss": [121.83817291259766, 3.25439715385437, 3.3693902492523193, 0.7859278321266174, 0.6961983442306519, 0.6184433102607727, 0.6126266121864319, 0.5969133377075195, 0.5171757340431213, 0.6478972434997559, 0.6314060091972351, 0.5154030919075012, 0.5375956892967224, 0.4407408833503723, 0.5173348188400269, 0.32927802205085754, 0.2968440353870392, 0.7916080951690674, 0.42321255803108215, 0.25597602128982544, 0.6386483311653137, 0.7929549217224121, 0.5901000499725342, 0.3507872223854065, 0.33593320846557617, 0.7160894274711609, 0.8211878538131714, 0.5620478987693787, 0.38033977150917053, 0.20261333882808685, 0.23413237929344177, 0.6911499500274658, 0.5086051821708679, 0.3427230417728424, 0.14791643619537354, 0.08383433520793915, 0.05068518966436386, 0.3004351556301117, 0.16440249979496002, 0.08563365787267685, 0.03205589950084686, 0.028345856815576553, 0.020155025646090508, 0.024616599082946777, 0.022818898782134056, 0.019617721438407898, 0.012756651267409325, 0.007638789713382721, 0.005286503583192825, 0.0036307647824287415]}